{
    "typeCount": 8,
    "attractionStrengths": [
        38.755897521972659,
        -19.73042106628418,
        30.35315704345703,
        -0.23577263951301576,
        -7.356012344360352,
        24.491851806640626,
        34.465667724609378,
        -16.644962310791017,
        37.13348388671875,
        18.171100616455079,
        -33.53187561035156,
        -33.29111099243164,
        26.898513793945314,
        -7.0760955810546879,
        -30.4178524017334,
        39.08932876586914,
        11.239398002624512,
        1.803395390510559,
        18.10343360900879,
        12.602874755859375,
        -11.018189430236817,
        -39.92551803588867,
        28.746362686157228,
        -4.573495864868164,
        -27.396286010742189,
        24.462024688720704,
        18.048450469970704,
        24.086103439331056,
        -5.830251693725586,
        11.990802764892579,
        -25.311906814575197,
        36.409210205078128,
        25.643091201782228,
        13.412023544311524,
        -25.972545623779298,
        -21.050548553466798,
        31.9040470123291,
        -7.425769329071045,
        1.9279358386993409,
        11.64287281036377,
        33.18744659423828,
        9.354438781738282,
        22.625024795532228,
        -22.52417755126953,
        -13.189257621765137,
        28.93741798400879,
        26.896448135375978,
        32.56508255004883,
        -13.063493728637696,
        6.903592109680176,
        -21.326162338256837,
        4.0815887451171879,
        -19.409011840820314,
        -22.383453369140626,
        18.973615646362306,
        -3.8813507556915285,
        -2.6092491149902345,
        39.61824035644531,
        13.166327476501465,
        16.6759033203125,
        3.556485652923584,
        -25.532819747924806,
        0.6622900366783142,
        37.05689239501953
    ],
    "repulsionStrengths": [
        16.407676696777345,
        4.921225547790527,
        8.442960739135743,
        3.6250202655792238,
        21.537988662719728,
        19.438047409057618,
        8.662689208984375,
        13.383193016052246,
        20.964515686035158,
        18.57956886291504,
        8.300162315368653,
        12.369284629821778,
        5.782907485961914,
        7.39823579788208,
        18.50226593017578,
        7.489791393280029,
        21.626895904541017,
        11.272165298461914,
        15.539190292358399,
        7.784024238586426,
        10.502738952636719,
        10.324026107788086,
        8.48377513885498,
        21.398334503173829,
        12.385440826416016,
        5.4432220458984379,
        21.511037826538087,
        18.27570152282715,
        13.166182518005371,
        14.625505447387696,
        5.573909759521484,
        2.9855234622955324,
        4.376916408538818,
        4.58574104309082,
        5.95322322845459,
        9.299920082092286,
        14.936211585998536,
        20.63860511779785,
        17.202402114868165,
        13.476183891296387,
        6.188889980316162,
        7.184602737426758,
        6.04862642288208,
        21.70473289489746,
        3.159106731414795,
        10.536188125610352,
        5.805074214935303,
        19.045677185058595,
        17.528465270996095,
        10.620318412780762,
        5.500054836273193,
        17.05614471435547,
        13.168253898620606,
        11.081106185913086,
        13.583067893981934,
        3.4408719539642336,
        18.013275146484376,
        18.18660545349121,
        2.155590772628784,
        7.604483127593994,
        5.930358409881592,
        21.700496673583986,
        17.682289123535158,
        11.320961952209473
    ],
    "distanceThresholds": [
        6.71924352645874,
        5.187425136566162,
        3.433746099472046,
        3.590268850326538,
        6.443596839904785,
        3.1734790802001955,
        1.836384654045105,
        2.1164917945861818,
        2.6515166759490969,
        3.4272289276123049,
        4.574962139129639,
        3.343777656555176,
        2.0706541538238527,
        3.1959574222564699,
        4.037252426147461,
        5.436448574066162,
        7.437376022338867,
        7.025766849517822,
        2.0585694313049318,
        2.384848117828369,
        4.4521870613098148,
        6.3637003898620609,
        4.209046363830566,
        5.779298782348633,
        1.4425585269927979,
        6.208324432373047,
        5.716153621673584,
        6.933435916900635,
        6.959798812866211,
        6.890532970428467,
        7.299609184265137,
        6.913424015045166,
        3.86238431930542,
        7.652105808258057,
        1.0799965858459473,
        7.610353946685791,
        4.533588886260986,
        3.195544958114624,
        5.279463291168213,
        7.005245208740234,
        5.850394248962402,
        6.538548946380615,
        4.289970874786377,
        1.3732069730758668,
        6.923854351043701,
        5.312867164611816,
        2.353191614151001,
        7.8912529945373539,
        2.727356195449829,
        3.024092674255371,
        4.815256595611572,
        7.438897609710693,
        7.56901741027832,
        2.1379528045654299,
        5.631017208099365,
        7.117824554443359,
        3.333174705505371,
        3.6848883628845217,
        3.50012469291687,
        4.379647731781006,
        6.39990758895874,
        6.671637535095215,
        3.1360368728637697,
        7.078776836395264
    ]
}